	renamed:    css/animate.css -> webapp/css/animate.css
	renamed:    css/bootstrap-theme.css -> webapp/css/bootstrap-theme.css
	renamed:    css/bootstrap-theme.css.map -> webapp/css/bootstrap-theme.css.map
	renamed:    css/bootstrap-theme.min.css -> webapp/css/bootstrap-theme.min.css
	renamed:    css/bootstrap.css -> webapp/css/bootstrap.css
	renamed:    css/bootstrap.css.map -> webapp/css/bootstrap.css.map
	renamed:    css/bootstrap.min.css -> webapp/css/bootstrap.min.css
	renamed:    css/command.css -> webapp/css/command.css
	renamed:    css/index.css -> webapp/css/index.css
	renamed:    css/loader.css -> webapp/css/loader.css
	renamed:    css/reset.css -> webapp/css/reset.css
	renamed:    css/selects.css -> webapp/css/selects.css
	renamed:    fonts/glyphicons-halflings-regular.eot -> webapp/fonts/glyphicons-halflings-regular.eot
	renamed:    fonts/glyphicons-halflings-regular.svg -> webapp/fonts/glyphicons-halflings-regular.svg
	renamed:    fonts/glyphicons-halflings-regular.ttf -> webapp/fonts/glyphicons-halflings-regular.ttf
	renamed:    fonts/glyphicons-halflings-regular.woff -> webapp/fonts/glyphicons-halflings-regular.woff
	renamed:    fonts/glyphicons-halflings-regular.woff2 -> webapp/fonts/glyphicons-halflings-regular.woff2
	renamed:    images/.DS_Store -> webapp/images/.DS_Store
	renamed:    images/ICON_03.png -> webapp/images/ICON_03.png
	renamed:    images/ICON_06.png -> webapp/images/ICON_06.png
	renamed:    images/ICON_09.png -> webapp/images/ICON_09.png
	renamed:    images/ICON_12.png -> webapp/images/ICON_12.png
	renamed:    images/ICON_19.png -> webapp/images/ICON_19.png
	renamed:    images/ICON_21.png -> webapp/images/ICON_21.png
	renamed:    images/ICON_23.png -> webapp/images/ICON_23.png
	renamed:    images/ICON_26.png -> webapp/images/ICON_26.png
	renamed:    images/ICON_33.png -> webapp/images/ICON_33.png
	renamed:    images/ICON_35.png -> webapp/images/ICON_35.png
	renamed:    images/ICON_38.png -> webapp/images/ICON_38.png
	renamed:    images/ICON_40.png -> webapp/images/ICON_40.png
	renamed:    images/ICON_47.png -> webapp/images/ICON_47.png
	renamed:    images/ICON_50.png -> webapp/images/ICON_50.png
	renamed:    images/ICON_53.png -> webapp/images/ICON_53.png
	renamed:    images/ICON_54.png -> webapp/images/ICON_54.png
	renamed:    images/banner.jpg -> webapp/images/banner.jpg
	renamed:    images/banner420.jpg -> webapp/images/banner420.jpg
	renamed:    images/fl1.png -> webapp/images/fl1.png
	renamed:    images/fl2.png -> webapp/images/fl2.png
	renamed:    images/fl3.png -> webapp/images/fl3.png
	renamed:    images/fl4.png -> webapp/images/fl4.png
	renamed:    images/guan.jpg -> webapp/images/guan.jpg
	renamed:    images/guan.png -> webapp/images/guan.png
	renamed:    images/guan1.jpg -> webapp/images/guan1.jpg
	renamed:    images/guan1.png -> webapp/images/guan1.png
	renamed:    images/guan2.jpg -> webapp/images/guan2.jpg
	renamed:    images/guan2.png -> webapp/images/guan2.png
	renamed:    images/guan3.jpg -> webapp/images/guan3.jpg
	renamed:    images/guan3.png -> webapp/images/guan3.png
	renamed:    images/guan4.jpg -> webapp/images/guan4.jpg
	renamed:    images/guan4.png -> webapp/images/guan4.png
	renamed:    images/guan5.jpg -> webapp/images/guan5.jpg
	renamed:    images/guan5.png -> webapp/images/guan5.png
	renamed:    images/guan6.jpg -> webapp/images/guan6.jpg
	renamed:    images/guan6.png -> webapp/images/guan6.png
	renamed:    images/guan7.jpg -> webapp/images/guan7.jpg
	renamed:    images/i.png -> webapp/images/i.png
	renamed:    images/jing1.jpg -> webapp/images/jing1.jpg
	renamed:    images/jing1.png -> webapp/images/jing1.png
	renamed:    images/jing2.jpg -> webapp/images/jing2.jpg
	renamed:    images/jing2.png -> webapp/images/jing2.png
	renamed:    images/jing3.jpg -> webapp/images/jing3.jpg
	renamed:    images/jing3.png -> webapp/images/jing3.png
	renamed:    images/jing4.jpg -> webapp/images/jing4.jpg
	renamed:    images/jing4.png -> webapp/images/jing4.png
	renamed:    images/slice.png -> webapp/images/slice.png
	renamed:    images/wei1.png -> webapp/images/wei1.png
	renamed:    images/wei2.png -> webapp/images/wei2.png
	renamed:    images/xu1.jpg -> webapp/images/xu1.jpg
	renamed:    images/xu10.jpg -> webapp/images/xu10.jpg
	renamed:    images/xu11.jpg -> webapp/images/xu11.jpg
	renamed:    images/xu12.jpg -> webapp/images/xu12.jpg
	renamed:    images/xu13.jpg -> webapp/images/xu13.jpg
	renamed:    images/xu14.jpg -> webapp/images/xu14.jpg
	renamed:    images/xu15.jpg -> webapp/images/xu15.jpg
	renamed:    images/xu16.jpg -> webapp/images/xu16.jpg
	renamed:    images/xu2.jpg -> webapp/images/xu2.jpg
	renamed:    images/xu3.jpg -> webapp/images/xu3.jpg
	renamed:    images/xu4.jpg -> webapp/images/xu4.jpg
	renamed:    images/xu5.jpg -> webapp/images/xu5.jpg
	renamed:    images/xu6.jpg -> webapp/images/xu6.jpg
	renamed:    images/xu7.jpg -> webapp/images/xu7.jpg
	renamed:    images/xu8.jpg -> webapp/images/xu8.jpg
	renamed:    images/xu9.jpg -> webapp/images/xu9.jpg
	renamed:    index.html -> webapp/index.html
	renamed:    js/bootstrap.js -> webapp/js/bootstrap.js
	renamed:    js/bootstrap.min.js -> webapp/js/bootstrap.min.js
	renamed:    js/countUp.min.js -> webapp/js/countUp.min.js
	renamed:    js/jquery-1.7.2.min.js -> webapp/js/jquery-1.7.2.min.js
	renamed:    js/jquery.SuperSlide.2.1.1.js -> webapp/js/jquery.SuperSlide.2.1.1.js
	renamed:    js/jquery.cookie.js -> webapp/js/jquery.cookie.js
	renamed:    js/jquery.min.js -> webapp/js/jquery.min.js
	renamed:    js/jquery.stellar.js -> webapp/js/jquery.stellar.js
	renamed:    js/ngUrl.js -> webapp/js/ngUrl.js
	renamed:    js/npm.js -> webapp/js/npm.js
	renamed:    selects.html -> webapp/selects.html

